1bin,1cuont,1mean,1std
7,0,60.36957143,20.36148222
14,0,,
21,0,,
28,0,,
35,0,,
41,0,,
48,1,,
55,1,,
62,2,,
69,94,,
